{
  "natural_binary": {
    "label": "natural_binary",
    "n_bins": 128,
    "n_bits": 7,
    "adjacent_mean_hamming": 1.9448818897637796,
    "adjacent_std_hamming": 1.2693050154594225,
    "adjacent_unique_hamming": [
      1,
      2,
      3,
      4,
      5,
      6,
      7
    ],
    "distance_profile_mean": [
      1.9448818897637796,
      1.9047619047619047,
      2.872,
      1.8387096774193548,
      3.3089430894308944,
      2.7868852459016393,
      3.2644628099173554,
      1.7333333333333334,
      3.453781512605042,
      3.1864406779661016,
      3.923076923076923,
      2.6551724137931036,
      3.8869565217391306,
      3.1228070175438596,
      3.353982300884956,
      1.5714285714285714,
      3.4144144144144146,
      3.272727272727273,
      4.137614678899083,
      3.0,
      4.364485981308412,
      3.7358490566037736,
      4.104761904761904,
      2.4615384615384617,
      4.067961165048544,
      3.6862745098039214,
      4.306930693069307,
      2.92,
      4.03030303030303,
      3.142857142857143,
      3.247422680412371,
      1.3333333333333333,
      3.231578947368421,
      3.148936170212766,
      4.075268817204301,
      3.0,
      4.428571428571429,
      3.8666666666666667,
      4.303370786516854,
      2.727272727272727,
      4.402298850574713,
      4.093023255813954,
      4.788235294117647,
      3.4761904761904763,
      4.662650602409639,
      3.8536585365853657,
      4.037037037037037,
      2.2,
      3.9873417721518987,
      3.7948717948717947,
      4.6103896103896105,
      3.4210526315789473,
      4.733333333333333,
      4.054054054054054,
      4.36986301369863,
      2.6666666666666665,
      4.211267605633803,
      3.7714285714285714,
      4.333333333333333,
      2.8823529411764706,
      3.925373134328358,
      2.9696969696969697,
      3.0,
      1.0,
      2.9047619047619047,
      2.838709677419355,
      3.7868852459016393,
      2.7333333333333334,
      4.186440677966102,
      3.6551724137931036,
      4.12280701754386,
      2.5714285714285716,
      4.2727272727272725,
      4.0,
      4.735849056603773,
      3.4615384615384617,
      4.686274509803922,
      3.92,
      4.142857142857143,
      2.3333333333333335,
      4.148936170212766,
      4.0,
      4.866666666666666,
      3.727272727272727,
      5.093023255813954,
      4.476190476190476,
      4.853658536585366,
      3.2,
      4.794871794871795,
      4.421052631578948,
      5.054054054054054,
      3.6666666666666665,
      4.771428571428571,
      3.8823529411764706,
      3.9696969696969697,
      2.0,
      3.838709677419355,
      3.7333333333333334,
      4.655172413793103,
      3.5714285714285716,
      5.0,
      4.461538461538462,
      4.92,
      3.3333333333333335,
      5.0,
      4.7272727272727275,
      5.476190476190476,
      4.2,
      5.421052631578948,
      4.666666666666667,
      4.882352941176471,
      3.0,
      4.733333333333333,
      4.571428571428571,
      5.461538461538462,
      4.333333333333333,
      5.7272727272727275,
      5.2,
      5.666666666666667,
      4.0,
      5.571428571428571,
      5.333333333333333,
      6.2,
      5.0,
      6.333333333333333,
      6.0,
      7.0
    ],
    "distance_profile_std": [
      1.2693050154594225,
      1.191428190780648,
      1.1382512903572741,
      1.080524788673821,
      1.148559233924989,
      1.0100276590655322,
      1.1042262542240715,
      0.9285592184789414,
      1.2074551275456855,
      0.9995689964601174,
      0.9621365661176264,
      0.841831421774738,
      0.9303128729561371,
      0.956421976872913,
      1.1515311390876546,
      0.7284313590846836,
      1.2409562461413657,
      1.0523488093445659,
      0.9527159622566731,
      0.816496580927726,
      0.8795976497833602,
      0.7806853156821585,
      0.9554237107797678,
      0.6343239424027171,
      0.9270700890160122,
      0.7538189328133759,
      0.8645100971462605,
      0.7959899496852959,
      0.9261034418143108,
      1.0301575072754257,
      1.210188089965294,
      0.47140452079103173,
      1.2350378777822104,
      1.091138842975156,
      0.9971632790855596,
      0.8846517369293828,
      0.9392872811585979,
      0.77746025264604,
      0.904476934719016,
      0.616575453011388,
      0.9524290798099584,
      0.7092070084640423,
      0.7210142798138617,
      0.5870870479018073,
      0.7326648576149769,
      0.8133332683186864,
      1.0475656017578483,
      0.39999999999999997,
      1.0124999876365175,
      0.7903094875601251,
      0.7235526377757985,
      0.5907880084379907,
      0.7363574011458174,
      0.7332248630405694,
      0.9863013698630138,
      0.6666666666666666,
      0.9331982407592927,
      0.8310308326999422,
      1.002412548741483,
      0.9629826790438176,
      1.0694318876222602,
      1.1673551687429227,
      1.2890067732709791,
      0.0,
      1.1914281907806479,
      1.0805247886738212,
      1.0100276590655322,
      0.9285592184789412,
      0.9995689964601174,
      0.8418314217747381,
      0.956421976872913,
      0.7284313590846836,
      1.0523488093445659,
      0.816496580927726,
      0.7806853156821586,
      0.634323942402717,
      0.7538189328133759,
      0.7959899496852959,
      1.0301575072754257,
      0.4714045207910317,
      1.091138842975156,
      0.8846517369293828,
      0.7774602526460401,
      0.616575453011388,
      0.7092070084640422,
      0.5870870479018072,
      0.8133332683186861,
      0.39999999999999997,
      0.7903094875601252,
      0.5907880084379907,
      0.7332248630405697,
      0.6666666666666666,
      0.831030832699942,
      0.9629826790438176,
      1.1673551687429227,
      0.0,
      1.080524788673821,
      0.9285592184789412,
      0.841831421774738,
      0.7284313590846836,
      0.816496580927726,
      0.6343239424027171,
      0.7959899496852959,
      0.4714045207910317,
      0.8846517369293828,
      0.616575453011388,
      0.5870870479018072,
      0.39999999999999997,
      0.5907880084379907,
      0.6666666666666666,
      0.9629826790438176,
      0.0,
      0.9285592184789413,
      0.7284313590846835,
      0.6343239424027171,
      0.4714045207910316,
      0.616575453011388,
      0.39999999999999997,
      0.6666666666666666,
      0.0,
      0.7284313590846835,
      0.4714045207910317,
      0.39999999999999997,
      0.0,
      0.4714045207910317,
      0.0,
      0.0
    ]
  },
  "gray_code": {
    "label": "gray_code",
    "n_bins": 128,
    "n_bits": 7,
    "adjacent_mean_hamming": 1.0,
    "adjacent_std_hamming": 0.0,
    "adjacent_unique_hamming": [
      1
    ],